id,catalog_number
5122371,GRUCR45-7-2
5122181,187260
5058651,59896781
5058047,98924589
5057923,10SQ07-200
5057186,E-1531-15
5054279,91150051
5027471,96402920
5027470,96654390
5027437,96411614
5027436,96402868
5027429,95906636
5027428,96404956
5027391,96402782
5027390,96402716
5027277,96847798
5027276,96847640
5027263,96011036
5027262,91122133
5027228,96411806
5027227,91122110
5027216,96411814
5027215,91122112
5027193,96411800
5027192,96411799
5027140,96546004
5027139,96587204
5027124,99030082
5027123,00SV0869
5027122,96509610
5027121,97748949
5027094,150574
5027093,100971
5027092,100517
5027091,415521
5027090,155972
5027089,155543
5027088,105565
5027087,105563
5027086,155973
5027085,155542
5027084,105564
5027083,00ID6742
5027063,96449949
5027062,96449948
5027052,96860201
5027051,96860172
5026967,205117
5026966,96440262
5026962,185035
5026961,185034
5026955,435002
5026954,425067
5026934,96525490
5026933,96455086
5026914,425063
5026913,415085
5026905,425062
5026904,405096
5026888,345015
5026887,985848
5026850,16729
5026849,16728
5026846,15784
5026845,405083
5026779,425055
5026778,425052
5026745,105029
5026112,96083814
5025883,96083950
5025882,96083949
5024911,96081494
5024296,96084171
5024295,96084156
5024003,96083212
5024002,96083211
5023942,96083201
5023941,96083182
5023731,29Z53003
5023730,96083320
5023715,96083056
5023714,96083055
5023646,96083071
5023645,96083049
5023248,96523177
5023247,96523176
5023241,96522987
5023240,96523001
5023234,155971
5023233,155544
5023229,97568456
5023228,97568412
5023222,96527111
5023221,96527109
5023220,96534215
5023219,96534214
5023162,96440447
5023161,96406955
2984351,185335
2984350,185333LF
2984348,169233
2984347,118723
2984342,111049
2984341,111031
2984338,102217
2984337,102214
2984334,101005
2984333,QSU245-2
2984332,VSX-VSC
2984331,5-260-16-036-001
2984330,117475
2984329,1BN165LF
2984328,4-245-16-036-001
2984327,1510-4
2984326,E-1531
2984325,E-1510-3BD
2984324,E-1510-3EB-SS-9-1/2
2984323,80-9-1/4
2984322,E-80
2984321,E-1510-2EB-SS
2984319,E-1510-2.5BB-SS
2984318,620PF
2984317,132157
2984315,1531-1-1/2AC
2984314,185376
2984313,P81911
2984312,117474
2984311,E-80-7
2984310,60AB
2984309,620PF-B
2984304,E-1532
2984303,E-1510-3EB-SS-11
2984302,80-2X2X9-1/2B
2984301,E-1510-2AD-SS
2984298,E80-2.5X2.5X7B
2984297,626PF-75
2984294,SU86-2
2984291,E-1510-7
2984290,60-5-3/8
2984289,E-1510-6
2984288,1531-3AC
2984286,172721LF
2984285,116042
2984283,E-1510-2BD-7-3/8
2984282,E-1510-8-3/8
2984281,189583
2984280,P77463
2984279,1531-3BC
2984278,132127
2984277,90SERIES
2984274,60-2X7
2984273,172747
2984272,P75795
2984271,E-1510
2984270,616PF
2984269,E90-2AAB-BF
2984268,172672LF
2984267,E-1510PEO2.5AC
2984266,80-7-1/2
2984263,2AACBF
2984262,185054
2984261,E-1510-2BD-8-3/4
2984260,80-2-2-7
2984253,132153
2984252,117472
2984250,115128
2984249,P77497
2984248,185323
2984247,P79002
2984246,105133
2984245,E90
2984242,P51416
2984234,168031
2984231,115127
2984228,185050LF
2984222,E-90-1.5AAB
2984221,172561
2984213,185051
2984212,185050
2984211,102220
2984210,P50876
2984208,172741
2984207,P53026
2984206,105098
2984205,SU63-2
2984203,104306
2984202,P49620
2984200,105101
2984199,105097
2984197,60-1-1/2
2984196,60-B605S
2984194,132124
2984193,186835
2984192,115125
2984191,DM0080
2984188,172752
2984187,172947LF
2984186,169236
2984185,116526
2984184,B05304B
2984183,168023
2984182,105093
2984181,P50852
2984179,105089
2984178,185262
2984173,169232
2984172,112076
2984169,179044
2984168,104300
2984166,172704
2984165,BP415-36
2984164,P85027
2984163,102233
2984162,172759
2984161,P50732
2984158,185264
2984157,117470
2984155,186834
2984154,PL-130B/3
2984152,169238
2984151,172718LF
2984149,1BL065LF
2984148,179004LF
2984146,172718
2984145,1522-1-1/2
2984142,102208
2984141,1BL035LF
2984140,1BL035
2984139,185225
2984137,172749
2984136,186660
2984135,185377
2984134,172713LF
2984131,169237
2984130,169053
2984128,111047
2984127,169051
2984126,102231
2984125,186937LF
2984123,172755LF
2984122,P07610
2984121,102219
2984120,P78932
2984119,107004
2984118,172667
2984115,169219
2984114,172738LF
2984110,169218
2984109,P50684
2984108,168026
2984107,102222
2984105,102218
2984104,P85522
2984101,169049
2984100,169047
2984097,111046
2984096,111044
2984095,2EC0311L
2984094,602S
2984093,169212
2984092,P85521
2984086,169216
2984085,P79018
2984080,169227
2984079,169211
2984078,102232
2984077,168021
2984075,186530
2984074,118449
2984071,102207
2984070,P47950
2984069,186533
2984068,P50700
2984067,117117
2984066,P85519
2984063,102206
2984062,104301
2984061,118644
2984060,5360-25N-12-002
2984059,169206
2984058,117054
2984052,169225
2984051,EM3218T
2984050,111042
2984049,99617
2984047,169038
2984046,P85518
2984044,132160
2984043,169231
2984038,169205
2984037,110082
2984036,186937
2984035,118453
2984034,P77174
2984033,P2002427
2984030,169040
2984029,1BL068LF
2984027,110034
2984026,132121
2984025,117053
2984024,5363-25N-12-002
2984023,169229
2984022,169228
2984021,186528
2984020,P5001796
2984018,110033
2984017,LHB08100099
2984016,100674
2984015,169226
2984014,117107LF
2984013,P08709
2984012,P81915
2984011,186526
2984010,52-239-563-001A
2984009,52-239-562-001A
2984008,111040
2984007,P5001190
2984004,186495
2984003,1BL033
2984000,117116
2983999,186861
2983996,186874
2983995,107007
2983992,169035
2983991,A91286
2983990,113076
2983989,115118
2983988,107006
2983987,P5001079
2983986,186482
2983985,186392
2983984,185252
2983983,CLA-VAL-KIT
2983973,P85075
2983972,P63239
2983967,186873
2983966,186865
2983964,NBF-45LF
2983963,P90280
2983961,186389
2983960,P90352
2983959,185223
2983958,117106LF
2983954,106190
2983953,186628
2983950,103357LF
2983949,186375
2983946,111061
2983945,LHB08100092
2983943,P77101
2983942,E3-4V/BTPRZ
2983938,118469
2983937,186386
2983932,P56740
2983931,186872
2983930,186075
2983929,LHB08100101
2983926,186885
2983925,117052
2983924,106189
2983923,A91277
2983922,186544
2983921,103351
2983916,112014
2983915,NRF-45
2983914,C00779B24
2983913,185332LF
2983911,115114
2983910,V50926
2983903,A01651B
2983902,P76898
2983900,186871
2983899,P5001816
2983898,186368
2983897,109408
2983896,117468
2983895,52-122-693-807A
2983892,P56550
2983891,186884
2983890,NRF-36
2983889,185310
2983886,PL-30
2983885,P49870
2983880,186659
2983879,BRONZE
2983878,186362
2983877,186361
2983874,118439
2983873,185381
2983872,118630
2983871,P81903
2983870,186359
2983869,127002
2983868,127001
2983867,A91562
2983866,103358LF
2983865,103259LF
2983864,P49130
2983863,112106
2983860,186360
2983859,118629
2983852,111034
2983851,109407
2983850,118612
2983849,118339
2983847,103257
2983846,A91561
2983845,186658
2983844,117105LF
2983841,186870
2983840,185309
2983839,185230
2983838,P49136
2983837,106507
2983836,117404LF
2983835,112117
2983834,P76875
2983832,186860
2983831,118440
2983827,109502
2983826,P2000134
2983825,A91558
2983822,185022
2983820,186571
2983816,109500
2983815,185240
2983814,189162
2983812,112105
2983811,V50922
2983807,P2002449
2983806,A91275
2983805,186433
2983804,P84985
2983803,185241
2983802,118708
2983801,117643
2983800,P76169
2983798,186877
2983797,186869
2983796,186868
2983795,112100
2983794,118435
2983793,117403LF
2983791,110134
2983790,110133
2983789,110132
2983788,117632
2983783,G87500
2983782,112113
2983780,118434
2983779,117464
2983776,110129
2983775,110197LF
2983774,186003
2983773,185143
2983772,185025
2983771,117402LF
2983770,186572
2983769,112099
2983768,110198LF
2983767,G87000
2983764,118666
2983763,P78794
2983759,118098
2983758,107020
2983757,110752
2983756,101217
2983754,186002NG
2983753,112111
2983752,185331
2983751,186910
2983750,185141
2983749,103267
2983747,790-80
2983746,117416LF
2983742,110751
2983741,P5001078
2983737,101233
2983736,101215
2983729,110127
2983728,110126
2983727,110123
2983726,110122
2983725,110121
2983724,110120
2983723,V50938
2983722,189034LF
2983720,113075
2983719,UBV-3/4-SW
2983718,UBV-3/4-NPT
2983717,186004
2983716,185330
2983715,P78792
2983714,110125
2983713,101228
2983712,101223
2983711,103251
2983710,186906
2983709,112013
2983708,112011
2983707,112010
2983706,112008
2983705,110124
2983701,185329
2983700,117413LF
2983699,113247
2983698,101237
2983697,101232
2983696,B2749
2983689,118474
2983688,117415LF
2983686,186681
2983685,V35000
2983684,G86000
2983683,G85250
2983681,110191LF
2983680,110199LF
2983678,113246
2983677,101236
2983675,101227
2983674,101222
2983672,186410
2983671,P85048
2983666,107024
2983665,110190LF
2983664,52-108-475-011
2983663,110193LF
2983662,P81909
2983661,HFT-15
2983654,101016
2983653,101015LF
2983651,186001NG
2983650,107037
2983648,118057
2983647,107018
2983642,112098
2983641,112097
2983640,108127
2983639,108126
2983633,113223
2983632,M75066
2983625,118473
2983624,V51281
2983617,101013
2983616,101012LF
2983615,101011
2983614,P5001038
2983611,DG0147
2983610,J94131
2983606,113020
2983605,113102
2983602,186944
2983601,J93449
2983598,108125
2983597,108124
2983596,113224
2983589,189170LF
2983585,189171
2983584,118223
2983578,112119
2983577,P77320
2983575,189132
2983574,V50952
2983569,113042
2983568,189138
2983566,108123
2983565,108122
2983564,108121
2983563,108120
2983562,108119
2983561,P64910
2983560,118351
2983559,118129
2983555,118378
2983552,101201
2983551,101004
2983550,101003
2983548,101001
2983547,P77295
2983542,118705
2983541,118395
2983533,118373
2983532,P85078
2983520,118036
2983519,P5001090
2983502,52-111-310-005
2983501,J94137
2983499,52111310005
2983498,J91635
2983497,118368
2983496,V51096
2983493,118154
2983492,52-122-060-005
2983481,7A
2983480,V50936
2983477,CP-671-139-491
2983476,113055
2983472,118153
2983471,P05790
2983460,P5001249
2983459,J23874
2983458,P10720
2983457,V14609
2983454,V51181
