id,catalog_number
2983428,DJ0066
2983429,P58542
2983430,P10359
2983431,P39990
2983432,P57000
2983433,P57300
2983434,P80815
2983435,P80816
2983436,P04890
2983437,J23875
2983438,J91988
2983439,J91995
2983440,J92135
2983441,P04650
2983442,P04883
2983443,P04940
2983444,P10910
2983445,P11150
2983446,P15691
2983447,P39040
2983448,P40020
2983449,P45910
2983450,P49373
2983451,V51090
2983452,V51093
2983453,V51180
2983454,V51181
2983455,P04080
2983456,CP-751-531-442
2983457,V14609
2983458,P10720
2983459,J23874
2983460,P5001249
2983461,P05800
2983462,P5001059
2983463,P03470
2983464,P13780
2983465,V50962
2983466,P49369
2983467,J91985
2983468,P04660
2983469,P11220
2983470,P57700
2983471,P05790
2983472,118153
2983473,DP0850
2983474,P12422
2983475,P53550
2983476,113055
2983477,CP-671-139-491
2983478,CP-751-531-096
2983479,P5001026
2983480,V50936
2983481,7A
2983482,CP-819-133-208
2983483,H32600
2983484,V51282
2983485,P77335
2983486,H28200
2983487,M43860
2983488,P15692
2983489,P5001084
2983490,P49371
2983491,52-122-059-005
2983492,52-122-060-005
2983493,118154
2983494,P52350
2983495,G10033
2983496,V51096
2983497,118368
2983498,J91635
2983499,52111310005
2983500,J94127
2983501,J94137
2983502,52-111-310-005
2983503,52-111-311-005
2983504,P46380
2983505,P81946
2983506,F17000
2983507,P77375
2983508,J92558
2983509,F16600
2983510,P57302
2983511,P01808
2983512,52-122-073-005
2983513,52-122-074-005
2983514,189160
2983515,CP-751-531-940
2983516,J32830
2983517,CP-751-531-944
2983518,P53720
2983519,P5001090
2983520,118036
2983521,CP-751-531-991
2983522,P80732
2983523,J94141
2983524,P65031
2983525,P5001083
2983526,J94129
2983527,DF0489
2983528,P57770
2983529,P80734
2983530,P80736
2983531,P80742
2983532,P85078
2983533,118373
2983534,H32500
2983535,P80767
2983536,52-122-069-005
2983537,52-122-070-005
2983538,A2-STST
2983539,P57701
2983540,CP-751-531-270
2983541,118395
2983542,118705
2983543,P51750
2983544,G82750
2983545,P81914
2983546,J94130
2983547,P77295
2983548,101001
2983549,101002
2983550,101003
2983551,101004
2983552,03.апр
2983553,1
2983554,101007
2983555,118378
2983556,J93595
2983557,P49372
2983558,P5001091
2983559,118129
2983560,118351
2983561,P64910
2983562,108119
2983563,108120
2983564,108121
2983565,108122
2983566,108123
2983567,118680LF
2983568,189138
2983569,113042
2983570,P64930
2983571,P64940
2983572,52-328-740-241
2983573,P5001577
2983574,V50952
2983575,189132
2983576,P13800
2983577,P77320
2983578,112119
2983579,CP-819-111-208
2983580,J93170
2983581,P46390
2983582,P80758
2983583,P80765
2983584,118223
2983585,189171
2983586,M76040
2983587,P59570
2983588,V50946
2983589,189170LF
2983590,P80752
2983591,P80763
2983592,P65030
2983593,118681LF
2983594,P80764
2983595,P85079
2983596,113224
2983597,108124
2983598,108125
2983599,J94142
2983600,J94143
2983601,J93449
2983602,186944
2983603,P78804
2983604,J92560
2983605,113102
2983606,113020
2983607,118861
2983608,V57795PK
2983609,118228
2983610,J94131
2983611,DG0147
2983612,P5001287
2983613,M76042
2983614,P5001038
2983615,101011
2983616,101012LF
2983617,101013
2983618,101014LF
2983619,189137
2983620,P5001092
2983621,118848
2983622,CP-753-383-021
2983623,V29400
2983624,V51281
2983625,118473
2983626,P76922
2983627,113041
2983628,P51230
2983629,118706
2983630,G81250
2983631,M75064
2983632,M75066
2983633,113223
2983634,189139
2983635,107034
2983636,DP0905
2983637,UC-3/4S
2983638,P78729
2983639,108126
2983640,108127
2983641,112097
2983642,112098
2983643,113202LF
2983644,107035
2983645,118431LF
2983646,P81917
2983647,107018
2983648,118057
2983649,P85080
2983650,HT-1
2983651,186001NG
2983652,101221LF
2983653,101015LF
2983654,101016
2983655,101017LF
2983656,P80761
2983657,118709
2983658,101226LF
2983659,V32801
2983660,101011LF
2983661,HFT-15
2983662,P81909
2983663,110193LF
2983664,52-108-475-011
2983665,110190
2983666,107024
2983667,V33001
2983668,A91272
2983669,V50769
2983670,189035
2983671,P85048
2983672,186410
2983673,110194
2983674,101222
2983675,101227
2983676,101231LF
2983677,101236
2983678,113246
2983679,52-113-301-009
2983680,110199
2983681,110191
2983682,113021
2983683,G85250
2983684,G86000
2983685,V35000
2983686,186681
2983687,189128LF
2983688,117415LF
2983689,118474
2983690,117411LF
2983691,107019
2983692,118697
2983693,118855
2983694,J94144
2983695,P78791
2983696,B2749
2983697,101232
2983698,101237
2983699,3/4^
2983700,117413LF
2983701,185329
2983702,P03560
2983703,P77216
2983704,P75606
2983705,110124
2983706,112008
2983707,112010
2983708,112011
2983709,112013
2983710,186906
2983711,103251
2983712,101223
2983713,101228
2983714,110125
2983715,P78792
2983716,185330
2983717,186004
2983720,113075
2983721,118844LF
2983722,189034LF
2983723,V50938
2983724,110120
2983725,110121
2983726,110122
2983727,790-3/4-45
2983728,110126
2983729,110127
2983730,A91244
2983731,A91273
2983732,186499LF
2983733,109024
2983734,118668
2983735,109054
2983736,101215
2983737,101233
2983738,101238
2983739,NRF-25
2983740,185140LF
2983741,P5001078
2983742,110751
2983743,101219
2983744,P75612
2983745,P82070
2983746,117416LF
2983747,790-80
2983748,109017
2983749,103267
2983750,185141
2983751,186910
2983752,185331
2983753,112111
2983754,186002NG
2983755,189161
2983756,101217
2983757,110752
2983758,107020
2983759,118098
2983760,A91559
2983761,A91274
2983762,CP-811-443-269
2983763,P78794
2983764,118666
2983765,118436LF
2983766,P45532
2983767,G87000
2983768,F-3TU
2983769,112099
2983770,186572
2983771,117402LF
2983772,185025
2983773,185143
2983774,186003
2983775,110197
2983776,110129
2983777,P61970
2983778,189577LF
2983779,117464
2983780,118434
2983781,A91560
2983782,112113
2983783,G87500
2983784,V51756
2983785,185024LF
2983786,118830
2983787,117103LF
2983788,117632
2983789,110132
2983790,110133
2983791,1170-100
2983792,G3233018196
2983793,117403LF
2983794,118435
2983795,112100
2983796,186868
2983797,186869
2983798,186877
2983799,P76167
2983800,P76169
2983801,117643
2983802,118708
2983803,185241
2983804,P84985
2983805,186433
2983806,A91275
2983807,P2002449
2983808,P76152
2983809,P85248
2983810,117104LF
2983811,V50922
2983812,112105
2983813,F54200
2983814,189162
2983815,185240
2983816,109500
2983817,SCS21V
2983818,185337LF
2983819,P76149
2983820,186571
2983821,189163
2983822,185022
2983823,SZV-075S-4WE
2983824,118676
2983825,A91558
2983826,P2000134
2983827,109502
2983828,118675
2983829,CP-811-443-295
2983830,103350
2983831,118440
2983832,186860
2983833,P90282
2983834,P76875
2983835,112117
2983836,117404LF
2983837,106507
2983838,P49136
2983839,185230
2983840,185309
2983841,186870
2983842,P57246
2983843,P77279
2983844,117105LF
2983845,186658
2983846,A91561
2983847,103257
2983848,107021
2983849,118339
2983850,118612
2983851,ZTV-4
2983852,111034
2983853,52-121-998-803
2983854,M19628
2983855,NBF-12U/LW
2983856,189165LF
2983857,A91276
2983858,189105LF
2983859,118629
2983860,186360
2983861,P07792
2983862,103260LF
2983863,112106
2983864,P49130
2983865,NBF-10S/LW
2983866,SSF-12
2983867,A91562
2983868,127001
2983869,127002
2983870,186359
2983871,P81903
2983872,118630
2983873,185381
2983874,118439
2983875,P81904
2983876,SC0311AV
2983877,186361
2983878,186362
2983879,BRONZE
2983880,186659
2983881,DP3572
2983882,118665
2983883,P62872
2983884,P78798
2983885,P49870
2983886,PL-30
2983887,DP0840
2983888,103252LF
2983889,185310
2983890,NRF-36
2983891,186884
2983892,P56550
2983893,1BL001
2983894,P50650
2983895,52-122-693-807A
2983896,117468
2983897,ZTV-6
2983898,186368
2983899,P5001816
2983900,186871
2983901,P5001814
2983902,P76898
2983903,A01651B
2983904,1BL006
2983905,P58541
2983906,P82877
2983907,P82878
2983908,V51760
2983909,103402
2983910,V50926
2983911,115114
2983912,118626LF
2983913,185332LF
2983914,C00779B24
2983915,NRF-45
2983916,112014
2983917,189166
2983918,106514
2983919,186863LF
2983920,1BL002
2983921,103351
2983922,186544
2983923,A91277
2983924,106189
2983925,117052
2983926,186885
2983927,P85086
2983928,SC0711AV
2983929,LHB08100101
2983930,186075
2983931,186872
2983932,P56740
2983933,P76892
2983934,P58538
2983935,P77067
2983936,118627LF
2983937,186386
2983938,118469
2983939,P82098
2983940,NBF-36
2983941,V51759
2983942,E3-4V/BTPRZ
2983943,P77101
2983944,1BL016
2983945,LHB08100092
2983946,111061
2983947,186827LF
2983948,P82882
2983949,186375
2983950,103357LF
2983951,LHB08100093
2983952,101216LF
2983953,186628
2983954,106190
2983955,P78927
2983956,P56810
2983957,101218LF
2983958,117106LF
2983959,185223
2983960,P90352
2983961,186389
2983962,P58536
2983963,P90280
2983964,NBF-45LF
2983965,1BL013LF
2983966,186865
2983967,186873
2983968,1BL003LF
2983969,P2002451
2983970,185308LF
2983971,P56750
2983972,P63239
2983973,P85075
2983974,P85286
2983975,P62876
2983976,169224
2983977,HFT-110V
2983978,P00431
2983979,P80913
2983980,1BL008LF
2983981,1BL004LF
2983982,P77204
2983983,CLA-VAL-KIT
2983984,185252
2983985,186392
2983986,186482
2983987,P5001079
2983988,107006
2983989,115118
2983990,113076
2983991,A91286
2983992,169035
2983993,DM0029
2983994,1BL017LF
2983995,107007
2983996,186874
2983997,DM0060
2983998,P85289
2983999,186861
2984000,117116
2984001,P56870
2984002,P77171
2984003,1BL033
2984004,186495
2984005,DM0010
2984006,106192LF
2984007,P5001190
2984008,111040
2984009,52-239-562-001A
2984010,52-239-563-001A
2984011,186526
2984012,P81915
2984013,P08709
2984014,117107LF
2984015,169226
2984017,LHB08100099
2984018,110033
2984019,102210
2984020,P5001796
2984021,186528
2984022,169228
2984023,169229
2984024,5363-25N-12-002
2984025,117053
2984026,132121
2984027,110034
2984028,P57580
2984029,1BL068LF
2984030,169040
2984031,P50652
2984032,P57440
2984033,P2002427
2984034,P77174
2984035,118453
2984036,186937
2984037,110082
2984038,169205
2984039,116491
2984040,P85584
2984041,1BL034
2984042,169230
2984043,169231
2984044,132160
2984045,P61451
2984046,P85518
2984047,169038
2984048,P57452
2984050,111042
2984051,EM3218T
2984052,169225
2984053,102230
2984054,1BL063
2984055,P57450
2984056,P81908
2984057,1BL070
2984058,117054
2984059,169206
2984060,5360-25N-12-002
2984061,118644
2984062,104301
2984063,102206
2984064,186828LF
2984065,DM0096
2984066,P85519
2984067,117117
2984068,P50700
2984069,186533
2984070,P47950
2984071,102207
2984072,P47952
2984073,1AM008
2984074,118449
2984075,186530
2984076,189594
2984077,168021
2984078,102232
2984079,169211
2984080,169227
2984081,P50716
2984082,P90456
2984083,60-601S
2984084,P75986
2984085,P79018
2984086,169216
2984087,P81943
2984088,172707LF
2984089,185260LF
2984090,P50707
2984091,P85460
2984092,P85521
2984093,169212
2984094,602S
2984095,2EC0311L
2984096,111044
2984097,111046
2984098,179040LF
2984099,DM0119
2984100,169047
2984101,169049
2984102,P49000
2984103,P51561
2984104,P85522
2984105,102218
2984106,116502
2984107,102222
2984108,168026
2984109,P50684
2984110,169218
2984111,P41730
2984112,P90457
2984113,172756LF
2984114,172738LF
2984115,169219
2984116,P50748
2984117,60-611T
2984118,172667
2984119,107004
2984120,P78932
2984121,102219
2984122,P07610
2984123,172755LF
2984124,XLB36-45
2984125,186937LF
2984126,102231
2984127,169051
2984128,111047
2984129,P53032
2984130,169053
2984131,169237
2984132,172744LF
2984133,172667LF
2984134,172713LF
2984135,185377
2984136,186660
2984137,172749
2984138,P79027
2984139,185225
2984140,1BL035
2984141,1BL035LF
2984142,102208
2984143,P57445
2984144,2WF1018
2984145,1522
2984146,172718
2984147,P50762
2984148,179004LF
2984149,1BL065LF
2984150,P78280
2984151,172718LF
2984152,169238
2984153,P75772
2984154,PL-130B/3
2984155,186834
2984156,P77166
2984157,117470
2984158,185264
2984159,P53042
2984160,P78523
2984161,P50732
2984162,172759
2984163,102233
2984164,P85027
2984165,BP415-36
2984166,172704
2984167,117020
2984168,104300
2984169,179044
2984170,102226
2984171,185334LF
2984172,112076
2984173,169232
2984174,P50739
2984175,P78525
2984176,1BN055LF
2984177,60-614T
2984178,185262
2984179,105089
2984180,P42268
2984181,P50852
2984182,105093
2984183,168023
2984184,B05304B
2984185,116526
2984186,169236
2984187,172947LF
2984188,172752
2984189,172705LF
2984190,60-B604S
2984191,DM0080
2984192,115125
2984193,186835
2984194,132124
2984195,P50822
2984196,60-B605S
2984198,60-617T
2984199,105097
2984200,105101
2984201,172671LF
2984202,P49620
2984203,104306
2984204,P75797
2984205,SU63-2
2984206,105098
2984207,P53026
2984208,172741
2984209,P85427
2984210,P50876
2984211,102220
2984212,185050
2984213,185051
2984214,P78928
2984215,DM0140
2984216,LD3AB
2984217,116550
2984218,P85466
2984219,P85070
2984220,P50872
2984221,172561
2984222,E-90-1.5AAB
2984223,172723LF
2984224,P57583
2984225,SU62-4
2984226,172754LF
2984227,185014LF
2984228,185050LF
2984229,E-1510-1.5AD
2984230,P50866
2984231,115127
2984232,P85441
2984233,P78986
2984234,168031
2984235,E1510-2AD
2984236,P81980
2984237,P81981
2984238,105092LF
2984239,105096LF
2984240,P90452
2984241,60-620T
2984242,P51416
2984243,102228
2984244,90-2AB-BF
2984245,E90
2984246,105133
2984247,P79002
2984248,185323
2984249,P77497
2984250,115128
2984251,P77509
2984252,117472
2984253,132153
2984254,172673LF
2984255,104406LF
2984256,PD40T
2984257,52-239-385-001
2984258,P77513
2984259,P85419
2984262,185054
2984263,90
2984264,PDB37S
2984265,179049LF
2984267,E-1510PEO2.5AC
2984268,60-618T
2984269,E90-2AAB-BF
2984270,616PF
2984272,P75795
2984273,172747
2984274,60-2X7
2984276,E1510-2AD-ES
2984277,90SERIES
2984278,132127
2984280,P77463
2984281,189583
2984284,PDB38T
2984285,116042
2984286,172721LF
2984287,P75436
2984288,1531-3AC
2984292,P82045
2984293,189589
2984294,SU86-2
2984295,E-1531-4BD
2984296,186836
2984298,E80-2.5X2.5X7B
2984300,4-245-08-048-001
2984302,80-2X2X9-1/2B
2984304,E-1532
2984306,
2984307,802X2X9-1/2
2984308,625PF
2984309,620PF-B
2984310,60AB
2984311,
2984312,117474
2984313,P81911
2984314,185376
2984316,1BN163LF
2984317,132157
2984318,620PF
2984320,P78125
2984322,E-80
2984326,E-1531
2984327,1510-4
2984328,4-245-16-036-001
2984329,1BN165LF
2984330,117475
2984331,5-260-16-036-001
2984332,VSX-VSC
2984333,QSU245-2
2984334,101005
2984335,102208LF
2984336,102213LF
2984337,102214
2984338,102217
2984339,100BNFI
2984340,110192LF
2984341,111031
2984342,111049
2984343,113222
2984344,117401LF
2984345,117412LF
2984346,117414LF
2984347,118723
2984348,169233
2984349,185011LF
2984350,185333LF
2984351,185335
2984352,186543LF
2984353,186826LF
2984354,186862LF
2984355,189110
2984356,189134LF
2984357,189144LF
2984358,189172LF
2984359,1BL032
2984360,110196LF
2984361,DG0062
2984362,103258
2984363,P2002450
2984364,P57410
2984365,P48690
